url_path,views_total,views_unique
/peff74/Sonoff-Dual-R3,7,7
/peff74/Sonoff-Dual-R3/tree/main/Sonoff_BL0939,3,3
/peff74/Sonoff-Dual-R3/blob/main/BL0939%20Notes_V1.1_cn%20en-US.pdf,3,2
/peff74/Sonoff-Dual-R3/blob/main/BL0939%20Notes_V1.1_cn.pdf,3,2
/peff74/Sonoff-Dual-R3/blob/main/BL0939_V1.2_cn%20en-US.pdf,2,2
/peff74/Sonoff-Dual-R3/blob/main/BL0939_V1.2_cn.pdf,2,2
/peff74/Sonoff-Dual-R3/blob/main/Sonoff_BL0939/Sonoff_BL0939.ino,2,2
/peff74/Sonoff-Dual-R3/blob/main/README.md,1,1
/peff74/Sonoff-Dual-R3/blob/main/Sonoff_BL0939/customs.h,1,1
/peff74/Sonoff-Dual-R3/tree/main/.github,1,1
